Book title, Pages, Year, Size, Cover URL, Download URL
Web Design with HTML and CSS,307 Pages,2011,24.12 MB,https://cdn.asaha.com/assets/thumbs/3e0/3e0e35e2305c83820e7f7375aaabe6e0-s.jpg
Social Media Marketing,410 Pages,2002,4.74 MB,https://cdn.asaha.com/assets/thumbs/3d7/3d721cafb681643e52c1824ba07cdf0d-s.jpg
Data Analysis with Microsoft Excel,613 Pages,2010,10.55 MB,https://cdn.asaha.com/assets/thumbs/a18/a18fcb4886ec0e3bfc7854570a8776a2-s.jpg
PHP, MySQL, JavaScript & HTML5 All-In-One For Dummies,724 Pages,2013,13.86 MB,https://cdn.asaha.com/assets/thumbs/e1e/e1ec7abe963086aec83a0335c51d2fce-s.jpg
Hacking For Dummies, 3rd Edition,411 Pages,2009,8.57 MB,https://cdn.asaha.com/assets/thumbs/14a/14a098772692e961057750876de07277-s.jpg
Digital Logic And Computer Design By M. Morris Mano,525 Pages,2006,13.29 MB,https://cdn.asaha.com/assets/thumbs/006/006570f777acac16006ce568fb8d9793-s.jpg
Python Tutorial - Tutorials Point,461 Pages,2016,3.76 MB,https://cdn.asaha.com/assets/thumbs/d5d/d5d7ecb45f3f936b8362c533e379f478-s.jpg
Mastering Photoshop for Web Design,216 Pages,2011,13.46 MB,https://cdn.asaha.com/assets/thumbs/bb3/bb394f5e6d24d9e18a574df6a70a22a3-s.jpg
Networking for Dummies--For Dummies; 7th Ed.,435 Pages,2004,9.24 MB,https://cdn.asaha.com/assets/thumbs/4de/4de5c99bf8632f40f057c44101ff9ed5-s.jpg
Beginning Programming for Dummies,433 Pages,2004,7.68 MB,https://cdn.asaha.com/assets/thumbs/37e/37ebe286fba9242392fc95cbbe667ee9-s.jpg
Hacking Wireless Networks For Dummies.pdf,387 Pages,2005,10.97 MB,https://cdn.asaha.com/assets/thumbs/a73/a731c4207ba8c5653a25a7b7bffae129-s.jpg
Hacking Gmail,310 Pages,2006,5.29 MB,https://cdn.asaha.com/assets/thumbs/10a/10abbf41cb99620b609741406f8a05a7-s.jpg
COMPUTER HARDWARE AND SOFTWARE,81 Pages,2008,1.38 MB,https://cdn.asaha.com/assets/thumbs/c6b/c6b6722d830ac18bed8cc004c173e24d-s.jpg
Building Arduino Projects for the Internet of Things,299 Pages,2016,16.9 MB,https://cdn.asaha.com/assets/thumbs/e25/e25e776edda5e399b5d9713caeacd74c-s.jpg
MATLAB Programming Fundamentals - MathWorks,1,104 Pages,2016,6.89 MB,https://cdn.asaha.com/assets/thumbs/73a/73ab08df6083c6d6aa93758cc73f6ce2-s.jpg
Android Programming Tutorials,447 Pages,2011,6.15 MB,https://cdn.asaha.com/assets/thumbs/141/141f43f08eeb4dcc6aa5ed65913567c5-s.jpg
PRACTICAL MATLAB® FOR ENGINEERS PRACTICAL MATLAB ,708 Pages,2008,7.23 MB,https://cdn.asaha.com/assets/thumbs/79e/79ea93c34bd22addc10d87f1fc5e6465-s.jpg
Web Animation using JavaScript: Develop & Design,402 Pages,2015,5.38 MB,https://cdn.asaha.com/assets/thumbs/7cd/7cd97aae6412a252b0b747dfc675873e-s.jpg
Basics Of Automobile,158 Pages,2005,377 KB,https://cdn.asaha.com/assets/thumbs/efe/efecd199fb3e7f54aead9aa077603cbf-s.jpg
Python Programming: An Introduction to Computer Science,261 Pages,2012,1.2 MB,https://cdn.asaha.com/assets/thumbs/435/435ebf44f65ab314be717cc2169c553a-s.jpg
PC Hardware A Beginner's Guide,673 Pages,2009,14.17 MB,https://cdn.asaha.com/assets/thumbs/045/04573a7c6a7567a8170299e13f38f869-s.jpg
Cracking the Coding Interview, Fourth Edition: 150 Programming ,310 Pages,2010,2.05 MB,https://cdn.asaha.com/assets/thumbs/955/95567fe62c3159d5ac99e2fbdecce7d9-s.jpg
The 8051 Microcontroller and Embedded,617 Pages,2008,4.2 MB,https://cdn.asaha.com/assets/thumbs/437/43779a398d95161e516066a3d0edb206-s.jpg
Python and Tkinter Programming,684 Pages,2005,8.97 MB,https://cdn.asaha.com/assets/thumbs/f1c/f1c086912b8000000b326459a73aad6b-s.jpg
Internet of Things,144 Pages,2015,3.28 MB,https://cdn.asaha.com/assets/thumbs/51f/51f81ad1f15c986d9665cddaa084ebbc-s.jpg
Beginning Java Programming For Dummies,408 Pages,2005,5.87 MB,https://cdn.asaha.com/assets/thumbs/8f5/8f5a539f83a88fd40f95b0d148d2bb83-s.jpg
Pro HTML5 and CSS3 Design Patterns,514 Pages,2011,11.68 MB,https://cdn.asaha.com/assets/thumbs/90a/90a131f9da39985cfa1cbbee463d91a5-s.jpg
WordPress Web Design For Dummies,387 Pages,2013,34.48 MB,https://cdn.asaha.com/assets/thumbs/498/498549f0cb16afc0a15e4388cafa14f6-s.jpg
Signals and Systems - Electrical Engineering,769 Pages,2012,6.34 MB,https://cdn.asaha.com/assets/thumbs/90a/90ad2eacb328506d206a73111238c69b-s.jpg
Foundations of Python Network Programming,369 Pages,2014,3.71 MB,https://cdn.asaha.com/assets/thumbs/ef9/ef9268f9fca2a6fbdcf402f6ab92cdc6-s.jpg
Reverse Engineering,620 Pages,2005,8.54 MB,https://cdn.asaha.com/assets/thumbs/be4/be446260e2ea7690b6982d5ad490d74b-s.jpg
Data Communication and Computer Network,106 Pages,2014,2.56 MB,https://cdn.asaha.com/assets/thumbs/48a/48aaf84b6bdeed6edcb9a2e20352add4-s.jpg
Automobile Engineering,247 Pages,2012,1.43 MB,https://cdn.asaha.com/assets/thumbs/b75/b75418159a6223353f60d0f283ffb52f-s.jpg
Microsoft Access VBA Macro Programming,400 Pages,2010,4.37 MB,https://cdn.asaha.com/assets/thumbs/88b/88bd1446cc1c2a90c2fbe1f8e8d46b71-s.jpg
Mathematical Foundation of Computer Science,393 Pages,2007,2.58 MB,https://cdn.asaha.com/assets/thumbs/551/551bd7ab438fc15d0b1daa09b5e9f1d1-s.jpg
IT Essentials: PC Hardware and Software Companion Guide,108 Pages,2013,1.36 MB,https://cdn.asaha.com/assets/thumbs/6da/6da82427cc34686c663473df37c9417d-s.jpg
Photoshop for Dummies,778 Pages,2010,35.44 MB,https://cdn.asaha.com/assets/thumbs/6b4/6b455692c155a2d495af5c815c1232d6-s.jpg
Learn Java for Web Development,461 Pages,2014,16.88 MB,https://cdn.asaha.com/assets/thumbs/d44/d445bd0a4ebb52943adde5f11735feea-s.jpg
Data Structures with Java,351 Pages,2007,7.23 MB,https://cdn.asaha.com/assets/thumbs/17a/17adb14fedc8492d233286267545b7bd-s.jpg
Modeling Structured Finance Cash Flows with Microsoft Excel,221 Pages,2007,6.62 MB,https://cdn.asaha.com/assets/thumbs/9c3/9c342e1cb23734b9e76ddaa81d993f1a-s.jpg
Expert C Programming,290 Pages,2002,2.15 MB,https://cdn.asaha.com/assets/thumbs/b8c/b8c6df81bd99acb436442e0444849d7c-s.jpg
Essential Skills Manual - Automotive Service Technician,255 Pages,2010,3.86 MB,https://cdn.asaha.com/assets/thumbs/1e0/1e0f0863564de11403099d22753d3475-s.jpg
Teach Your Kids To Code: A Parent-friendly Guide to Python Programming,335 Pages,2015,14.89 MB,https://cdn.asaha.com/assets/thumbs/ab5/ab57d42519b0616fd0109d18f4c00de2-s.jpg
3D Game Programming,296 Pages,2013,13.44 MB,https://cdn.asaha.com/assets/thumbs/150/150de55b2e702d4c44df90c9c8cfc9c3-s.jpg
Excel Data Analysis,353 Pages,2010,15.28 MB,https://cdn.asaha.com/assets/thumbs/b25/b255b73373ce7e3c387882759c21eacb-s.jpg
Gray Hat Hacking, 3rd Edition,721 Pages,2012,12.76 MB,https://cdn.asaha.com/assets/thumbs/829/829b89fc8fde9f2b3e737180ca1e1fcb-s.jpg
MatLab GUI Tutorial,500 Pages,2015,6.26 MB,https://cdn.asaha.com/assets/thumbs/f09/f099fce46d4c1ef44877a2072aa364e6-s.jpg
Hacking Google Maps and Google Earth,401 Pages,2006,11.28 MB,https://cdn.asaha.com/assets/thumbs/e58/e58411bd76d02b82e0ef7be6e1e2ba23-s.jpg
Alternators, Starters, Generators & Motors,632 Pages,2008,12.97 MB,https://cdn.asaha.com/assets/thumbs/fcb/fcb7c84eb8ce3248ec31044eb05b327d-s.jpg
30 Days To Internet Marketing Success,535 Pages,2003,2.7 MB,https://cdn.asaha.com/assets/thumbs/59a/59a296f02ff33514da64d3fd1f1d60e4-s.jpg
CSS Web Design For Dummies,385 Pages,2005,12.49 MB,https://cdn.asaha.com/assets/thumbs/44a/44a0317aec3dcb87215d886b8c4186ad-s.jpg
Mastering Windows Server 2016 Hyber V - John Savill,795 Pages,2017,18.23 MB,https://cdn.asaha.com/assets/thumbs/e28/e28f02914c1633496dfcc7abf2864e8e-s.jpg
Programming and Problem Solving with Java,810 Pages,1999,28.66 MB,https://cdn.asaha.com/assets/thumbs/d52/d524f01aff76132643a210303b22d1eb-s.jpg
HTML5, CSS3, and JavaScript Fourth Edition,370 Pages,2016,8.98 MB,https://cdn.asaha.com/assets/thumbs/f3b/f3b4295e4922d159386c59742f4c6a64-s.jpg
JavaScript Tutorial,2,177 Pages,2001,34.64 MB,https://cdn.asaha.com/assets/thumbs/d8b/d8bc12953b607c741d8ab71052387af4-s.jpg
Microsoft® SQL Server® 2012 Bible,1,418 Pages,2012,27.4 MB,https://cdn.asaha.com/assets/thumbs/ccf/ccf1e79586257d65d3e5a7877bd0c8b7-s.jpg
Software Engineering: Principles and Practice,560 Pages,2007,4.22 MB,https://cdn.asaha.com/assets/thumbs/5a3/5a3abad4dc886f439f39276a933e554b-s.jpg
The Internet Encyclopedia,979 Pages,2004,17.32 MB,https://cdn.asaha.com/assets/thumbs/5b7/5b73f96e5df95f298ac026d5ab9e0831-s.jpg
Building a Website for Dummies,365 Pages,2012,10.06 MB,https://cdn.asaha.com/assets/thumbs/8cc/8cc8e00d297dd14552048c11c5c9db74-s.jpg
Modern Web Design & Development,309 Pages,2011,19.27 MB,https://cdn.asaha.com/assets/thumbs/f94/f94bd79867ad69732a6361bc9691d27e-s.jpg
R Programming,327 Pages,2009,1.18 MB,https://cdn.asaha.com/assets/thumbs/f62/f62c4c65f02815495c98b19c128ac170-s.jpg
Game Engine Architecture,853 Pages,2009,11.96 MB,https://cdn.asaha.com/assets/thumbs/e05/e058dea0fa313848d2d5c8fa28d155e6-s.jpg
The Linux Programming Interface,1,556 Pages,2011,7.39 MB,https://cdn.asaha.com/assets/thumbs/8b0/8b04fedd9907e155d6449d0630efbb2c-s.jpg
Painting Techniques,24 Pages,2006,1.3 MB,https://cdn.asaha.com/assets/thumbs/b93/b93f58c03c6686a059d5462cc6c7e4d7-s.jpg
MySQL for the Internet of Things,329 Pages,2016,9.69 MB,https://cdn.asaha.com/assets/thumbs/602/6026ac444406b14448219dbc43f4c649-s.jpg
Object Oriented Programming using C#,254 Pages,2011,8.97 MB,https://cdn.asaha.com/assets/thumbs/3b9/3b9f633827afaa5c1a4395b675ba8d1a-s.jpg
Auto Repair For Dummies.pdf,600 Pages,2004,45.42 MB,https://cdn.asaha.com/assets/thumbs/5ab/5ab705974fd60720a1e555858060749c-s.jpg
Cloud Security: A Comprehensive Guide to Secure Cloud Computing,388 Pages,2010,5.44 MB,https://cdn.asaha.com/assets/thumbs/ae4/ae4ee33a468b3cdb82f5465139e1699b-s.jpg
Transmission,346 Pages,2004,12.12 MB,https://cdn.asaha.com/assets/thumbs/593/59393e53cd979a133d6722e0503e03ca-s.jpg
Fiber-Optic Communication Systems,567 Pages,2007,5.77 MB,https://cdn.asaha.com/assets/thumbs/06f/06fbb07adb4c61922ed210d6124a1515-s.jpg
Visual C++ and MFC Programming 2nd Edition,739 Pages,2004,9.53 MB,https://cdn.asaha.com/assets/thumbs/bfa/bfa1ea16d7fa66aec1e8a18d2e820123-s.jpg
Web Development with jQuery,674 Pages,2015,31.15 MB,https://cdn.asaha.com/assets/thumbs/92b/92b6e9e3906c6e6c4ecc69b963480148-s.jpg
The Internet For Dummies, 12th Edition,435 Pages,2009,12.2 MB,https://cdn.asaha.com/assets/thumbs/b5c/b5c49757555d72ae1653a97834b08e65-s.jpg
Ruby on Rails™ Tutorial,589 Pages,2012,12.95 MB,https://cdn.asaha.com/assets/thumbs/866/866461da343528c043d6ae762b86fc32-s.jpg
Hardware Hacking - Nicolas Collins,128 Pages,2009,3.63 MB,https://cdn.asaha.com/assets/thumbs/1af/1af81ee4c4335157d2fb7eed12ff5f34-s.jpg
Excel Timesaving Techniques For Dummies,410 Pages,2005,15.3 MB,https://cdn.asaha.com/assets/thumbs/c5e/c5e77d31a2186df8a3da3f9a7a091fd0-s.jpg
Automobile Mechanic - OIT/Cinterfor,492 Pages,1610,9.21 MB,https://cdn.asaha.com/assets/thumbs/4d6/4d6030202beba44c377d14a022cd0e8a-s.jpg
SEO: Search Engine Optimization Bible,411 Pages,2008,10.6 MB,https://cdn.asaha.com/assets/thumbs/0d7/0d75bc3e04b488e52312a24126ea56a2-s.jpg
Excel for Marketing Managers,258 Pages,2007,7.23 MB,https://cdn.asaha.com/assets/thumbs/f5f/f5f03817617cd51b4650d7d709b32915-s.jpg
Simulink Control Design™ - MathWorks,1,420 Pages,2016,14.8 MB,https://cdn.asaha.com/assets/thumbs/053/053280d2d1d2417a3afb5f8ee5d4ea98-s.jpg
Create mobile apps with HTML5, JavaScript and Visual Studio,112 Pages,2014,21.22 MB,https://cdn.asaha.com/assets/thumbs/623/623be6f3088ee7441102ed78c00b839c-s.jpg
Automotive & Trucking,260 Pages,2015,36.88 MB,https://cdn.asaha.com/assets/thumbs/930/930eabdf0b610368a9661497573dee33-s.jpg
The Art of R Programming,404 Pages,2011,4.51 MB,https://cdn.asaha.com/assets/thumbs/751/751325ea712e2dc9e81a56ba0b8867e2-s.jpg
Web Animation using JavaScript,402 Pages,2015,5.38 MB,https://cdn.asaha.com/assets/thumbs/ee0/ee076a025cad129e31d8b0fac2bb46f0-s.jpg
Java Tutorial,317 Pages,2014,2.98 MB,https://cdn.asaha.com/assets/thumbs/726/726f7ad58b27dd2f890e55279f5d8efb-s.jpg
Microsoft Access 2010 Bible,1,395 Pages,2012,32.74 MB,https://cdn.asaha.com/assets/thumbs/f34/f343bf566816f14771f927cd6fac5448-s.jpg
Understanding Automotive Electronics,446 Pages,2001,16.85 MB,https://cdn.asaha.com/assets/thumbs/c10/c106985cfa3c91bfb9f1e915688f28a4-s.jpg
Digital Video For Dummies 3rd Edition,409 Pages,2004,12.02 MB,https://cdn.asaha.com/assets/thumbs/d95/d95cd57b2c77b94c18fd1d0ae664e306-s.jpg
Classic & Sports Car,276 Pages,2015,35.27 MB,https://cdn.asaha.com/assets/thumbs/b7a/b7a9f9a08d6bc35d17bc256d6eece9ac-s.jpg
Hardware Manual,285 Pages,2008,10.59 MB,https://cdn.asaha.com/assets/thumbs/e8b/e8bd609be498e5b4f12c26618c26cdc2-s.jpg
Neuro Linguistic Programming,420 Pages,2012,4.29 MB,https://cdn.asaha.com/assets/thumbs/355/355c56843ac76974aa097c3fcb65fd7f-s.jpg
Social Media Mining,338 Pages,2014,4.99 MB,https://cdn.asaha.com/assets/thumbs/dd1/dd1af3c75a3101be741327817d94b673-s.jpg
Abusing the Internet of Things,291 Pages,2015,41.57 MB,https://cdn.asaha.com/assets/thumbs/2c3/2c312e0921aab39fab1cb43fe2247539-s.jpg
iOS App Reverse Engineering,442 Pages,2015,16.41 MB,https://cdn.asaha.com/assets/thumbs/b06/b061211b5277b4bd3a9bfd936733f2cf-s.jpg
Introduction to Website Design and Development,322 Pages,2013,8.74 MB,https://cdn.asaha.com/assets/thumbs/0a2/0a2e8020396b110143f92772dc3d71d9-s.jpg
Beginning AngularJS,191 Pages,2014,2.69 MB,https://cdn.asaha.com/assets/thumbs/965/96533c789ae7fb83f78d9363f3225640-s.jpg
A Programmer’s Guide to the Mind,372 Pages,2010,4.41 MB,https://cdn.asaha.com/assets/thumbs/762/762def0b037b91eb7dcd355fe67fb079-s.jpg
C Programming for microcontrollers,300 Pages,2005,4.34 MB,https://cdn.asaha.com/assets/thumbs/ab0/ab0a6f82570e76b6a9aa7c61c895ea17-s.jpg
Automotive Engineering International - SAE,84 Pages,2008,8.56 MB,https://cdn.asaha.com/assets/thumbs/348/3482d8023d4f2bed505b2608305ee3ff-s.jpg
Swift Tutorial - Tutorialspoint,244 Pages,2016,2.41 MB,https://cdn.asaha.com/assets/thumbs/b8c/b8ca8fc9f68b14b525915d90540a50d9-s.jpg
Internet Communications Using SIP,409 Pages,2006,11.15 MB,https://cdn.asaha.com/assets/thumbs/b9a/b9a3c9fc6f2d298aa3b013218a17d0e2-s.jpg
Simulink Tutorial,605 Pages,1998,3.76 MB,https://cdn.asaha.com/assets/thumbs/1de/1deeeffe9d4787d41875a23e464104e0-s.jpg
Excel 2010 Bible,1,053 Pages,2012,10.68 MB,https://cdn.asaha.com/assets/thumbs/05f/05f268425df9bc5ba4d5c9c45cf7fac1-s.jpg
Web Design for Dummies 2nd Edition,339 Pages,2006,44.76 MB,https://cdn.asaha.com/assets/thumbs/1e3/1e31324b4571de5aa08c1397252d8222-s.jpg
Hardware Catalog,228 Pages,2016,15.51 MB,https://cdn.asaha.com/assets/thumbs/7e2/7e20b25e4765d4192eb4e6ea4b501264-s.jpg
motor cars,352 Pages,2014,34.39 MB,https://cdn.asaha.com/assets/thumbs/f83/f836c60e25ce1426edb802f8c53f7b55-s.jpg
Training Guide: Programming in HTML5 with JavaScript and CSS3 ,681 Pages,2013,13.97 MB,https://cdn.asaha.com/assets/thumbs/0b0/0b09185728820217044eea8a1c8b46d9-s.jpg
manual-de-car-audio,152 Pages,2009,12.17 MB,https://cdn.asaha.com/assets/thumbs/43e/43e10f17aa43c367192f2d804006e46a-s.jpg
Serial Port Complete - Latest Microcontroller projects ,400 Pages,2008,4.03 MB,https://cdn.asaha.com/assets/thumbs/952/952670cc38979519c8850b4101d27455-s.jpg
The Hardware Book,441 Pages,1997,4.63 MB,https://cdn.asaha.com/assets/thumbs/b60/b60be0c5d0a4b3b459056bd111dc72d3-s.jpg
A Complete Guide to Web Design,594 Pages,2008,7.54 MB,https://cdn.asaha.com/assets/thumbs/d04/d0419918c8e6b44fcbaf69eeffccea1a-s.jpg
Beginning Programming for Dummies 3rd,433 Pages,2004,7.68 MB,https://cdn.asaha.com/assets/thumbs/bef/bef59d37f4592e9f5f76459f84992675-s.jpg
WordPress Web Design For Dummies,387 Pages,2013,34.48 MB,https://cdn.asaha.com/assets/thumbs/fec/fecf6132d6b20922a7e391459fe80a29-s.jpg
Car Buying Tips Guide 1,192 Pages,2011,1.25 MB,https://cdn.asaha.com/assets/thumbs/649/649dd605dec6f0f11402301b21f6a380-s.jpg
jQuery For Dummies,364 Pages,2012,14.31 MB,https://cdn.asaha.com/assets/thumbs/a64/a6468fdb72882be5dab90e2d7d2bda09-s.jpg
Programming Microsoft Windows with C,1,073 Pages,2002,8.91 MB,https://cdn.asaha.com/assets/thumbs/f12/f12df5a442dc3787cb62a3f5662e66b8-s.jpg
Engine control system,419 Pages,2007,13.87 MB,https://cdn.asaha.com/assets/thumbs/57b/57baf3f70cada21eb4cd0cee3ec49a69-s.jpg
Tutorials: Animation - Autodesk | 3ds Max Design, Engineering,192 Pages,2009,9.59 MB,https://cdn.asaha.com/assets/thumbs/144/14481f894492ff32454eb4b2162e15ad-s.jpg
What is Internet Marketing?,579 Pages,2006,8.34 MB,https://cdn.asaha.com/assets/thumbs/1f1/1f159788606d7bf2348e83e517644121-s.jpg
Android Tutorial,465 Pages,2011,4.63 MB,https://cdn.asaha.com/assets/thumbs/3aa/3aa1f3d26485ba62c7ae442c9c7fc4e9-s.jpg
HTML5 and CSS3 2nd Edition: Level Up with Today’s Web Technologies,303 Pages,2013,9.53 MB,https://cdn.asaha.com/assets/thumbs/669/66926adbfcebbb8919e14a913c2d2e7c-s.jpg
Internet Traffic Engineering,362 Pages,2005,6.06 MB,https://cdn.asaha.com/assets/thumbs/790/790ecf6bf3b4ca18e67f3faa8ef6ab89-s.jpg
MODEL SOLAR CAR DESIGN GUIDE,176 Pages,2012,3.39 MB,https://cdn.asaha.com/assets/thumbs/617/617353788b04166a147c10b4b6be6c44-s.jpg
Automotive Training,23 Pages,2016,3.65 MB,https://cdn.asaha.com/assets/thumbs/d8f/d8f963b57185d6abc3f361e15940be7f-s.jpg
Wireless Home Networking For Dummies,406 Pages,2008,9.87 MB,https://cdn.asaha.com/assets/thumbs/56e/56e70b4d045c9e0259a61d7fbe64da65-s.jpg
Creating the Future of Automobiles,88 Pages,2015,9.42 MB,https://cdn.asaha.com/assets/thumbs/0fc/0fc9d65413c41c4fd78b47cfb1d5d33f-s.jpg
VHDL Programming,497 Pages,1999,2.3 MB,https://cdn.asaha.com/assets/thumbs/774/774a70a88bf62cc224009a070a5a5265-s.jpg
Mastering Nginx,322 Pages,2013,18.14 MB,https://cdn.asaha.com/assets/thumbs/df8/df8c0bed542d63027937585f059e0c2c-s.jpg
Expert Spring MVC and Web Flow,423 Pages,2006,4.91 MB,https://cdn.asaha.com/assets/thumbs/3d4/3d48b6f024a6fab8870e94c6282bb6dc-s.jpg
Sexuality and the internet,282 Pages,2013,4.71 MB,https://cdn.asaha.com/assets/thumbs/100/100cc2690f43da32c7af320a4393c77d-s.jpg
MATLAB Object-Oriented Programming,818 Pages,2016,4.2 MB,https://cdn.asaha.com/assets/thumbs/64f/64f5badb1ef804de92ad507d221a5f7d-s.jpg
Analysis of Algorithms : An Active Learning Approach,315 Pages,2007,1.61 MB,https://cdn.asaha.com/assets/thumbs/315/3157ab953e657310413b1d965b8db851-s.jpg
Mastering Web Application,372 Pages,2013,2.9 MB,https://cdn.asaha.com/assets/thumbs/f66/f66f4625a91cf5ae4c9e476998f51d90-s.jpg
Web Design,371 Pages,2012,46.73 MB,https://cdn.asaha.com/assets/thumbs/2b9/2b937eefe61cacb69726433db004b621-s.jpg
Google Web Toolkit Tutorial,506 Pages,2015,5.47 MB,https://cdn.asaha.com/assets/thumbs/e2e/e2e121ad8d8b952003eacc39cf6bcbe3-s.jpg
Flow Simulation 2011 Tutorial,290 Pages,2010,7.54 MB,https://cdn.asaha.com/assets/thumbs/588/5888cedbbbb0c375c1484168da37e9d4-s.jpg
Using Games to Learn HTML5 and JavaScript,375 Pages,2010,9.87 MB,https://cdn.asaha.com/assets/thumbs/bd3/bd3134d2574173c13e77fbfd113f7f30-s.jpg
Language and the Internet,284 Pages,2004,1.08 MB,https://cdn.asaha.com/assets/thumbs/636/63610d795e38b08a45eb292951edf08f-s.jpg
Advanced Copyright Issues on the Internet,760 Pages,2015,2.37 MB,https://cdn.asaha.com/assets/thumbs/e6b/e6b481f0d786de6f146bb126f67d8bfd-s.jpg
CAR and Driver - March 2017,104 Pages,2017,27.6 MB,https://cdn.asaha.com/assets/thumbs/265/26593b358ff37ad5102ac5986c145012-s.jpg
3ds Max 10 Online Character Animation Tutorials,393 Pages,2009,10.05 MB,https://cdn.asaha.com/assets/thumbs/dd0/dd0040d9fa7a6fad7ea1469688e055c1-s.jpg
Programming and Graphics,383 Pages,2007,3.62 MB,https://cdn.asaha.com/assets/thumbs/663/663a4c3ae748a80db85f4dea743fc3d5-s.jpg
Hacking Secret Ciphers with Python,442 Pages,2015,3.73 MB,https://cdn.asaha.com/assets/thumbs/004/004f1f97ed571af7428f4f12f826cd95-s.jpg
UnrealScript Game Programming Cookbook,272 Pages,2013,5.99 MB,https://cdn.asaha.com/assets/thumbs/77e/77ef9430d4fdb6a3f7eb070fcaf806e6-s.jpg
Java Programming Language Handbook,143 Pages,1997,2.86 MB,https://cdn.asaha.com/assets/thumbs/967/967c8f7f5566b3f9aae09843ae598d32-s.jpg
Internet Marketing Strategy Workshop,213 Pages,2012,8.92 MB,https://cdn.asaha.com/assets/thumbs/b35/b3551293942a35412cc663b7053e1680-s.jpg
Oracle Database Programming Using,1,121 Pages,2007,4.78 MB,https://cdn.asaha.com/assets/thumbs/c83/c83f002756aa938fbb73b6135b1c0e0a-s.jpg
C++ Timesaving Techniques For Dummies,507 Pages,2005,7.96 MB,https://cdn.asaha.com/assets/thumbs/086/086e771cd0933c8970a57e8aa2e90a3c-s.jpg
MATLAB® Recipes for Earth Sciences,436 Pages,2015,21.73 MB,https://cdn.asaha.com/assets/thumbs/f1a/f1a971e87f8a3522e9af558cd8a42121-s.jpg
SolidWorks 2010 Bible,1,179 Pages,2010,30.49 MB,https://cdn.asaha.com/assets/thumbs/c74/c7469e3f8807bcc6694f11961ef3eccd-s.jpg
Automotive Products Catalog,372 Pages,2016,10.75 MB,https://cdn.asaha.com/assets/thumbs/95f/95fd76dbf6bd5f572782137f25f2525c-s.jpg
Cloud Computing: Technologies and Strategies of the Ubiquitous ,275 Pages,2012,1.86 MB,https://cdn.asaha.com/assets/thumbs/4b5/4b5a79444543989b3c02371524997c25-s.jpg
Excel VBA Programming For Dummies,425 Pages,2004,6.18 MB,https://cdn.asaha.com/assets/thumbs/8f3/8f3120c86118bab19661ccc8a831dbd3-s.jpg
Web Designer’s Guide to WordPress,42 Pages,2012,661 KB,https://cdn.asaha.com/assets/thumbs/8c8/8c81823e377cf3d57a09aaca73d4ec1d-s.jpg
Java 7 for Absolute Beginners,311 Pages,2012,3.64 MB,https://cdn.asaha.com/assets/thumbs/e43/e43976a0832a2ac00d5439cceb8ff0db-s.jpg
Upgrading & Fixing Laptops DUMmIES,362 Pages,2005,4.69 MB,https://cdn.asaha.com/assets/thumbs/140/14021f9d0aa63a2a92d48f776d01bb8a-s.jpg
Using the Internet Safely For Seniors,387 Pages,2009,15.6 MB,https://cdn.asaha.com/assets/thumbs/02b/02b5167195b69da4e865477d088e02b6-s.jpg
Automotive Quality Systems Handbook,592 Pages,2004,2.81 MB,https://cdn.asaha.com/assets/thumbs/ff4/ff4ea86975cb9f986f118f1d11a4c6a3-s.jpg
Passenger Car & Light Truck Applications,1,963 Pages,2016,8.79 MB,https://cdn.asaha.com/assets/thumbs/3c8/3c88829cbe745c00e006fa1aad841ff2-s.jpg
Car Hacking,19 Pages,2015,1.15 MB,https://cdn.asaha.com/assets/thumbs/96c/96ceeb936a565111a1809ed4d859ea90-s.jpg
The Social Media Evolution,343 Pages,2014,34.58 MB,https://cdn.asaha.com/assets/thumbs/20a/20a92895f1530e8c8c743ea3a14d0abb-s.jpg
2016 Motorcycles Harley Davidson,80 Pages,2015,18.17 MB,https://cdn.asaha.com/assets/thumbs/11f/11f6ed66bb9b244cd9dd25bb855f26e6-s.jpg
THE Java™ Programming Language, Fourth Edition,642 Pages,2009,2.04 MB,https://cdn.asaha.com/assets/thumbs/e7e/e7e7c1eb0708bab023a24401aa4020f4-s.jpg
Google Earth for Dummies,363 Pages,2012,13.15 MB,https://cdn.asaha.com/assets/thumbs/2fc/2fce622244b38522c1a09c36be521e28-s.jpg
Matlab - The Language of Technical Computing,349 Pages,2005,3.17 MB,https://cdn.asaha.com/assets/thumbs/351/351a00904a9317acdf41d841dff53d40-s.jpg
Collectors' Motor Cars and Automobilia,262 Pages,2016,22.01 MB,https://cdn.asaha.com/assets/thumbs/830/830a06794034647858c50cafccd70a1b-s.jpg
HTML5 Guidelines for Web Developers,322 Pages,2013,7.24 MB,https://cdn.asaha.com/assets/thumbs/653/653d08c8d0c4a57da6df0d6ff37a4f8d-s.jpg
Beginner's Programming Tutorial in QBasic,57 Pages,2001,314 KB,https://cdn.asaha.com/assets/thumbs/01d/01dd3437ccaad4ac7c60e26f4a143612-s.jpg
Autodesk Revit Architecture 2014 Fundamentals - SDC Publications,45 Pages,2013,1.6 MB,https://cdn.asaha.com/assets/thumbs/232/23282cdd1f5be52a9f2024b5b4015bbd-s.jpg
Design Patterns Java™ Workbook,400 Pages,2003,4.97 MB,https://cdn.asaha.com/assets/thumbs/139/139b5483198df38d05af15c62d9d96fb-s.jpg
Automotive 2025,24 Pages,2015,1.72 MB,https://cdn.asaha.com/assets/thumbs/ffb/ffbc011e315f52620f5f01a2bd68ae7d-s.jpg
Language and the Internet,284 Pages,2004,1.08 MB,https://cdn.asaha.com/assets/thumbs/3e7/3e7613e45968d5270746a495e293f52a-s.jpg
Frontend Frameworks,107 Pages,2012,3.94 MB,https://cdn.asaha.com/assets/thumbs/c62/c628102db36308f938c307f8dc0ad94a-s.jpg
AutoCAD LT 2011 - Autodesk | 3D Design, Engineering ,376 Pages,2010,3.69 MB,https://cdn.asaha.com/assets/thumbs/68d/68d1ff8075f95c21b9a469b65718c338-s.jpg
Art of the Classic Car,226 Pages,2013,28.82 MB,https://cdn.asaha.com/assets/thumbs/d46/d4602e1a6c027863ea933c190dd61f94-s.jpg
American Car Magazine November 2015,116 Pages,2015,27.31 MB,https://cdn.asaha.com/assets/thumbs/a89/a8985a5bab4dfd32639aeb12cee5fc91-s.jpg
Computer Programming class....click here to view the book we are following in PDF form. Be,576 Pages,2010,17.95 MB,https://cdn.asaha.com/assets/thumbs/f42/f4231f1745d9c6104bd02ef52c98f36c-s.jpg
New Perspectives On Web Design,496 Pages,2013,10.46 MB,https://cdn.asaha.com/assets/thumbs/2c9/2c9ab90a214a862d47cb44eb378272d2-s.jpg
Revit Architecture 2014 Basics - SDC Publications,46 Pages,2013,2.47 MB,https://cdn.asaha.com/assets/thumbs/303/3033b135aee183515f1e56867d35458a-s.jpg
Wireless Home Networking For Dummies,406 Pages,2008,9.87 MB,https://cdn.asaha.com/assets/thumbs/743/7433a77e02841dd0cd1e57cbcaa53a72-s.jpg
Top Gear August 2015,124 Pages,2015,26.13 MB,https://cdn.asaha.com/assets/thumbs/52f/52f05651fa4781ba7eeb1b9498219869-s.jpg
Advanced Automotive Technology: Visions of a Super-Efficient ,314 Pages,1996,2.56 MB,https://cdn.asaha.com/assets/thumbs/60b/60b60b3f7f47434074e26fc344441c9f-s.jpg
Autodesk AutoCAD 2014,286 Pages,2013,1.03 MB,https://cdn.asaha.com/assets/thumbs/473/47356345fb4e5f419c8dac4e76d33de7-s.jpg
the bmw active hybrid 5 owners manual,224 Pages,2012,4.96 MB,https://cdn.asaha.com/assets/thumbs/8e3/8e31934ab14bafb80d00d1bd011b99d5-s.jpg
Digital Identity and the Connected Car,43 Pages,2016,2.71 MB,https://cdn.asaha.com/assets/thumbs/d76/d760450b7cb9dedde3449c267887df0d-s.jpg
High-performance Electric Motorcycles,21 Pages,2017,5.93 MB,https://cdn.asaha.com/assets/thumbs/516/516847dab74251568db1b1cda0b91c96-s.jpg
Automobile Engineering. - University of Calicut,139 Pages,2002,9.58 MB,https://cdn.asaha.com/assets/thumbs/e57/e5716fb609f993c21a0d796ee7f1813c-s.jpg
Foundation HTML5 With CSS,424 Pages,2012,11.3 MB,https://cdn.asaha.com/assets/thumbs/678/678651ad90a252e79f4c2866f8786728-s.jpg
Automotive Division,58 Pages,2015,2.31 MB,https://cdn.asaha.com/assets/thumbs/104/104255ef4fbbcbe1c1acb9180ac1486d-s.jpg
Car Catalog,176 Pages,2013,14.87 MB,https://cdn.asaha.com/assets/thumbs/e89/e89d4983838d24380096706860677646-s.jpg
Car Tuning Ferodo Racing,320 Pages,2016,21.71 MB,https://cdn.asaha.com/assets/thumbs/6f4/6f432133deabe4a420c128140cab3a60-s.jpg
The Evolution of the Connected Car,24 Pages,2016,4.83 MB,https://cdn.asaha.com/assets/thumbs/cff/cffc48340ed551ede2270b58001ce778-s.jpg
Car Advertising,45 Pages,2014,3.94 MB,https://cdn.asaha.com/assets/thumbs/323/323d1d4617fac110f739e3d057bc8f3c-s.jpg
Industrial Heating,92 Pages,2015,13.34 MB,https://cdn.asaha.com/assets/thumbs/d97/d97631be18b4a0a80bd2136e4c31310a-s.jpg
Automobile,247 Pages,2012,1.43 MB,https://cdn.asaha.com/assets/thumbs/c8c/c8c3113116a0e456699f66672e57b7c4-s.jpg
SAP - TINET - Tarragona Internet,362 Pages,2008,5 MB,https://cdn.asaha.com/assets/thumbs/53b/53bc29e9dfa1fa6634ccc49bde7345bb-s.jpg
Play with Robot-Assemble The Car,33 Pages,2016,4.19 MB,https://cdn.asaha.com/assets/thumbs/f2f/f2f118b4e6c9bb8d133ce1c66598c2f8-s.jpg
The Car in British Society,158 Pages,2009,1.36 MB,https://cdn.asaha.com/assets/thumbs/23f/23f108ae772129b13fe3ea95f9d3bb1f-s.jpg
Uber vs. Car Ownership,19 Pages,2016,780 KB,https://cdn.asaha.com/assets/thumbs/a78/a784d0db5de1c360e32f60074a54fea0-s.jpg
Norton Motorcycles,16 Pages,2010,20.92 MB,https://cdn.asaha.com/assets/thumbs/a26/a263518f1fc5806711c446eb1e89bc75-s.jpg
Honda Environment,20 Pages,2016,1.16 MB,https://cdn.asaha.com/assets/thumbs/951/9516c9f8c529dc24e6aec085feefdc35-s.jpg
2016 Top Markets Report - Automotive Parts,61 Pages,2016,1.03 MB,https://cdn.asaha.com/assets/thumbs/10a/10a039ed3dc6387422162bac2df34a3a-s.jpg
CAR - Modern Car Society,27 Pages,2013,4.37 MB,https://cdn.asaha.com/assets/thumbs/59a/59a099daa452905d9dd1955285228fd7-s.jpg
massachusetts private passenger automobile insurance manual,194 Pages,2016,2.9 MB,https://cdn.asaha.com/assets/thumbs/935/935de797e81d45f990bcf8a9c338df4c-s.jpg
Mash Motorcycles,15 Pages,2014,9.89 MB,https://cdn.asaha.com/assets/thumbs/068/0688a16bcb9ce8158c0967445c6decb3-s.jpg
chevrolet nova parts - Truck and Car Shop,224 Pages,2014,32.26 MB,https://cdn.asaha.com/assets/thumbs/93f/93f135431196b902faaf665d6c3bba1a-s.jpg
Triumph Motorcycles Ltd - FEMA,21 Pages,2011,3.38 MB,https://cdn.asaha.com/assets/thumbs/7a4/7a4e1961ca00206a096677d1b0e46fbf-s.jpg
Geely Automobile Holdings Limited,114 Pages,2008,944 KB,https://cdn.asaha.com/assets/thumbs/13a/13ab1b16bcdc2706f8f2cd95cb786279-s.jpg
The Use of Occupation and Education Factors in Automobile Insurance,581 Pages,2008,13.21 MB,https://cdn.asaha.com/assets/thumbs/6bc/6bcf8113b729e77c1fff276dfe1e4386-s.jpg
A developer’s guide to load testing,61 Pages,2010,9.24 MB,https://cdn.asaha.com/assets/thumbs/2ea/2ea0bdff5bca44471cae3fba35201ac1-s.jpg
Access.2007.VBA.Bibl..,722 Pages,2007,23.35 MB,https://cdn.asaha.com/assets/thumbs/0c7/0c7299461a8c6e10f2878c9a29b78aa8-s.jpg
L'attachement automobile mis à l'épreuve,477 Pages,2017,37.02 MB,https://cdn.asaha.com/assets/thumbs/002/0027a6c88c70e1380e842aa269019762-s.jpg
